Question,Answer
Describe oxidative stress in poultry production? Is it a major concern?,"Oxidative stress in poultry production is a significant concern, characterized by an imbalance between reactive oxygen species (ROS) production and the bird's antioxidant defenses. This stress can lead to cellular damage, affecting growth, reproduction, and overall health."
What are the different noises does turkey makes?,"Turkeys make various vocalizations, each serving a specific purpose: 1. **Cluck**: A soft sound indicating presence or excitement. Practical for farmers to recognize content or alert states. 2. **Putt**: A sharp cluck signaling alarm. Useful for identifying stress or threats in the flock. 3. **Cackle**: Loud, rapid clucks indicating excitement, often when flying down. Recognizing this can help farmers understand daily activity patterns. 4. **Purr**: A soft sound showing contentment. Indicates a calm environment."
Common infectious diseases in backyard poultry?,"Common infectious diseases in backyard poultry include: 1. **Marek's Disease**: A viral disease causing tumors and paralysis. Vaccination is crucial for prevention. 2. **Newcastle Disease**: Highly contagious, affecting respiratory, nervous, and digestive systems. Vaccination and biosecurity measures are essential. 3. **Avian Influenza**: A viral infection with varying severity. Implement strict biosecurity and report outbreaks to authorities. 4. **Fowl Pox**: Causes lesions on skin and mucous membranes. Vaccination is effective for prevention. 5. **Salmonellosis**: Caused by Salmonella bacteria, leading to diarrhea and mortality."
What are the few things to consider when it comes to balancing poultry house moisture levels?,"To balance poultry house moisture levels, consider the following: 1. **Ventilation Management**: Use minimum ventilation systems effectively, especially during cold weather, to prevent excess moisture removal that causes dry, dusty conditions, or insufficient removal leading to wet litter and high ammonia levels. Aim for a relative humidity of 40-60%. 2. **Proactive Monitoring**: Regularly monitor relative humidity and adjust ventilation rates before issues arise. Utilize tools like the Minimum Ventilation Calculator to estimate necessary ventilation based on bird water consumption. 3. **Litter Management**: Use absorbent materials for bedding to control moisture. Ensure litter is dry and not caked to prevent ammonia buildup and maintain bird health."
How much broiler drink water?,"Broilers typically drink about a quart of water for every pound of feed consumed. With an average feed conversion ratio of 1.75, this equates to roughly half a gallon of water per pound of bird grown."
Why my broiler feces are yellow?,"Yellow feces in broilers can indicate dietary issues, infections, or liver problems. A diet high in corn or other yellow pigments can cause yellow feces. Infections like coccidiosis or bacterial infections such as Campylobacter or Salmonella can also lead to yellow feces. Liver dysfunction, possibly due to toxins or disease, might be another cause."
What is precision livestock farming?,"Precision Livestock Farming (PLF) is an advanced approach that uses technology to monitor and manage livestock health, welfare, and productivity in real-time."
What are the researches going on turkey at North Carolina State University?,"North Carolina State University is conducting research on parasites affecting turkey production, particularly focusing on histomoniasis, a significant disease in turkeys."
What are the researches currently focuses in turkey?,"Recent turkey research focuses on nutrition, disease management, and productivity enhancement."
What is Histomoniasis?,"Histomoniasis, also known as ""blackhead disease,"" is a significant disease in turkeys caused by the protozoan Histomonas meleagridis."
HPAI disease history in poultry,"Highly Pathogenic Avian Influenza (HPAI) has a significant history in poultry, primarily affecting chickens with high mortality rates. The H5N1 subtype, first identified in 1996, has been a major concern due to its severe impact on poultry and potential zoonotic risk. Outbreaks often originate from wild birds introducing the virus to farmed populations, leading to rapid spread and necessitating culling of entire flocks."
Poultry Coccidosis and its effects,"Coccidiosis is a prevalent poultry disease caused by Eimeria protozoa, leading to intestinal damage, poor feed conversion, and reduced growth and egg production. It can cause high mortality, especially in broilers, and exacerbate other diseases like mycoplasmosis."
HPAI disease in poultry,"Highly Pathogenic Avian Influenza (HPAI) is a severe viral disease affecting poultry, characterized by high mortality rates, especially in chickens. It is caused by avian influenza viruses, primarily H5 and H7 subtypes, which can lead to systemic disease and rapid death."
Which feed is better for broiler breeder?,"For broiler breeders, a balanced diet is essential to maintain health and reproductive performance. The feed should control energy intake to prevent obesity and support reproductive function. It should be rich in protein and amino acids to enhance egg production and hatchability, and include vitamins and minerals, particularly vitamin D and calcium, for eggshell quality. Precision feeding systems can optimize individual bird nutrition, improving efficiency and minimizing environmental impact. Scientific research supports these strategies, emphasizing the importance of tailored nutrition."
What is Segment anything model (SAM) in poultry?,"The Segment Anything Model (SAM) in poultry is a cutting-edge tool for image segmentation, effectively isolating chickens and their parts from backgrounds."
What is Poultry sustainability?,"Poultry sustainability involves balancing environmental stewardship, economic viability, and social responsibility in poultry farming."
what is broiler breeder?,"A broiler breeder is the parent stock of broilers, responsible for producing fertile eggs that hatch into broiler chickens, which are raised for meat production."
how many chicken farms Georgia has,"Georgia has approximately 4,000 poultry farms, contributing significantly to its status as the largest broiler-producing state in the USA."
what's the broiler farming density,"Broiler farming density typically ranges from 32 to 44 kilograms per square meter in the United States, as suggested by the National Chicken Council. This range varies based on bird weight and welfare standards."
what the nutrition requirement for broiler chicken,"Broiler chickens require a balanced diet rich in proteins, carbohydrates, fats, vitamins, and minerals. Key nutrients include amino acids (lysine, methionine), energy sources, calcium, and phosphorus."
how many broiler chickens Georgia is producing per year,"Georgia produces approximately 1.3 billion broiler chickens annually, making it the largest broiler-producing state in the USA."
what the top five poultry companies in the USA,"The top five poultry companies in the USA are Tyson Foods, Pilgrim's Pride, Sanderson Farms, Perdue Farms, and Koch Foods."
what the percentage of organic poultry production in the USA,"Organic poultry production in the USA accounts for approximately 1-2% of the total poultry market, reflecting a niche but growing segment."
what is precision poultry farming,"Precision Poultry Farming (PPF) is an innovative approach that uses advanced technologies like sensors, AI, IoT devices, and robotics to monitor and manage poultry health, welfare, and productivity in real-time."
which university has best poultry program,"The University of Georgia is renowned for having one of the best poultry science programs in the United States, offering comprehensive education and research opportunities in poultry management, nutrition, and health."
how many days to hatch a chicken,A chicken egg typically takes 21 days to hatch when incubated at an optimal temperature of 99.5 to 100°F (37.5 to 37.8°C).
how much a poultry scientist earns per year,"A poultry scientist in the United States typically earns between $50,000 and $90,000 annually, depending on experience, education, and location."
what the best temperature for broiler growing,The optimal temperature for broiler growth is around 70-75°F (21-24°C).
how to monitor chickens' gait score,"To monitor chickens' gait score, use a combination of manual scoring and automated systems. The manual method involves observing broilers as they take at least three consecutive steps and scoring them on a 5-point scale, where 0 indicates no abnormality and 5 indicates complete lameness."
which US state produces most turkeys?,"Minnesota is the leading state in turkey production in the United States, producing approximately 32 million turkeys annually."
what the primary challenges for US poultry production,"The primary challenges for US poultry production include disease outbreaks, labor shortages, food safety, animal welfare concerns, and environmental impact."
how many broiler chicken farms in the USA,"As of recent estimates, there are approximately 25,000 broiler chicken farms in the USA. These farms contribute significantly to the country's position as the world's largest broiler producer, with an annual sales value of $40 billion."
which university has poultry science department,"Several universities have poultry science departments, including Texas A&M University, the University of Georgia, and Penn State University."
which US state produces most broiler chickens,Georgia is the leading state in broiler chicken production in the United States.
how much feed a laying hen is eating per day,A laying hen typically consumes about 0.25 lbs (113-125 g) of feed per day.
What are the few things to consider when it comes to balancing house moisture levels?,"Balancing house moisture levels is crucial for poultry health and productivity. Key considerations include: 1. **Ventilation Management**: Use minimum ventilation systems to control moisture, especially during cold weather. Proper fan runtimes prevent excessive moisture removal, which can cause dry, dusty conditions, or insufficient removal, leading to wet litter and high ammonia levels. 2. **Humidity Monitoring**: Maintain relative humidity between 40-60% using sensors. This range supports optimal bird health and prevents respiratory issues or dehydration. 3. **Proactive Adjustments**: Increase ventilation rates before litter caking occurs. Utilize tools like the Minimum Ventilation Calculator to estimate necessary ventilation based on water consumption."
What are the effect of riboflavin deficiency in pekin ducks?,"Riboflavin deficiency in Pekin ducks leads to growth depression and intestinal hypofunction, impacting intestinal absorption and energy generation. This deficiency can also cause gut microbiota dysbiosis, further affecting health and growth."
"What are the applications, challenges, and future prospects for AI in poultry?","AI in poultry offers applications such as optimizing environmental conditions, enhancing disease detection, and improving welfare monitoring through sensor-based IoT platforms. These technologies address labor intensity, biosecurity, and welfare challenges, boosting productivity and resilience. Challenges include technical, financial, and cultural barriers, particularly in regions with limited infrastructure. Ethical considerations, such as minimizing stress and maintaining genetic diversity, are crucial. Future prospects involve integrating AI with precision livestock farming and developing robust monitoring systems for welfare assessment."
What kinds of vaccination is not allowed in poultry?,"Certain vaccinations are not allowed in poultry, particularly those that could interfere with food safety or disease monitoring programs. For instance, vaccines that contain live attenuated strains with a risk of reversion to virulence or environmental shedding are often restricted."
Is vaccination is allowed in poultry in usa?,"Yes, vaccination is allowed in poultry in the USA. It is a critical component of disease prevention and control strategies."
For which diseases does vaccination are allowed in USA?,"Vaccination programs are implemented for diseases like Marek's disease and avian influenza, among others."
Describe oxidative stress in poultry production?,Oxidative stress in poultry production is characterized by an imbalance between the production of reactive oxygen species (ROS) and the bird's antioxidant defenses.
Is oxidative stress a major concern in poultry?,"Yes, oxidative stress is a major concern as it negatively impacts poultry health, productivity, and meat quality, especially under high-temperature conditions exacerbated by climate change."
What are the common infectious diseases in backyard poultry?,"Common infectious diseases in backyard poultry include Newcastle disease, avian influenza, Marek's disease, infectious bronchitis, and fowl pox."
What kinds of disease is found in turkey?,"Turkeys are susceptible to several diseases, including respiratory infections like avian rhinotracheitis, caused by Ornithobacterium rhinotracheale, and viral diseases such as coronavirus and astrovirus. Histomoniasis, caused by Histomonas meleagridis, is also prevalent, leading to high mortality. Chlamydiosis presents with respiratory distress and greenish-yellow droppings."
How to manage diseases in turkey?,"To manage these diseases, implement strict biosecurity measures, regular health monitoring, and vaccination programs. Ensure proper sanitation and ventilation to reduce pathogen spread."
What are the problem is in Turkey production?,"Turkey production faces several problems and challenges, including disease outbreaks, particularly Salmonella infections, which pose significant threats to both animal and human health."
How to mitigate problems that occur in turkey production?,"To mitigate these issues, implement stringent biosecurity measures, regular health monitoring, and vaccination programs. Additionally, foodborne pathogens like Campylobacter spp. can affect meat safety, necessitating improved hygiene practices throughout production."
What nutrition deficiency can cause pecking behavior in poultry?,"Pecking behavior in poultry can be exacerbated by deficiencies in essential nutrients such as protein, methionine, and certain minerals like sodium. Inadequate protein or amino acids can lead to frustration and increased pecking as birds attempt to meet their nutritional needs."
How to mitigate pecking behaviors in poultry,"To mitigate this, ensure poultry diets are balanced and meet the specific nutritional requirements for the species and life stage. Providing a diet with adequate protein and essential amino acids, such as methionine, is crucial. Additionally, offering environmental enrichments, such as pecking blocks or foraging materials, can help reduce stress and pecking behavior."
What are the problems in laying hen which can leads to animal welfare and floor eggs?,"Problems in laying hens that lead to welfare issues and floor eggs include inadequate nest box availability, poor nest box design, and insufficient training during rearing. These factors can cause stress and abnormal behaviors, such as floor laying, which increases the risk of egg contamination and injury from vent pecking."
How to address problems in laying hens which can leads to floor eggs?,"To address these issues, ensure ample, well-designed nest boxes are available and accessible. Train pullets by rearing them with experienced hens and providing perches to encourage nest box use. Regularly clean and maintain nest boxes to enhance their attractiveness and prevent economic losses from unsellable floor eggs."
What are the major problems in laying hen?,"Major problems in laying hens include poor nutrition, heavy parasite loads, and welfare issues. Consistent egg quality changes often indicate poor welfare, potentially due to inadequate nutrition or parasite infestations."
Increasing salt quantity will decrease pecking in poultry?,"Increasing salt quantity is not a recommended strategy to decrease pecking in poultry. Instead, focus on balanced nutrition and environmental enrichment."
What kind of feed we have to gave to stop pecking in poultry?,"To reduce pecking in poultry, provide a diet high in fiber and low in energy. This encourages longer feeding times and natural foraging behaviors, reducing boredom and pecking."
My laying hens are pecking? How to prevent this?,"To prevent pecking in laying hens, focus on environmental enrichment and proper management. Directly address pecking by providing high-fiber or low-energy diets, which encourage longer feeding times and reduce pecking."
How do I know my broiler is sick?,"To identify if your broiler is sick, observe for signs such as abnormal skin conditions (vesicles, pustules, or swelling), pale or purple wattles and combs, and swelling around the eyes, neck, or head. Behavioral indicators include huddling near heat sources, excessive peeping, and neurological symptoms like head twisting or paralysis."
What is the Histnomos in turkey?,"Histomonas meleagridis, commonly known as ""blackhead disease,"" is a protozoan parasite causing histomoniasis in turkeys."
What is pecking behavior in poultry?,"Pecking behavior in poultry involves birds using their beaks to peck at objects, other birds, or themselves. It ranges from gentle pecking, which is generally harmless, to severe feather pecking (SFP), which can cause injury and stress."
What kinds of AI research in poultry had been conducted so far?,"AI research in poultry has focused on disease management, welfare monitoring, and operational efficiency. AI algorithms analyze genetic data to develop targeted treatments and vaccines, enhancing disease prevention."
Which mineral is important for eggshell formation in poultry?,Calcium is the most important mineral for eggshell formation in poultry.
How much calcium in the hens diet is needed to maintain optimal eggshell quality?,Research indicates that hens require approximately 4-5% calcium in their diet to maintain optimal eggshell quality.
Which Vitamin deficiency causes rickets in poultry?,Vitamin D deficiency causes rickets in poultry.
Deficiency of Vitamin D leads in laying hens?,"Deficiency leads to skeletal deformities and poor eggshell quality, as noted in various studies."
What is the average incubation period of a turkey eggs?,The average incubation period for turkey eggs is 28 days.
"Would using 20lux impair feed conversion, as comparing using lower light intensity in poultry?","Using 20 lux light intensity may impair feed conversion compared to lower light intensities. Lower light levels generally reduce bird activity, leading to improved feed conversion as birds expend less energy."
How can I remedy the wet litter during my production in poultry?,"To remedy wet litter in poultry production, ensure proper ventilation to manage moisture levels, especially in winter. Use minimum ventilation systems to balance humidity without excessive heat loss."
What is the optimal humidity required in poultry housing?,Maintaining relative humidity between 40-70% is optimal.
Do you still need to ventilate with small chicken in cold weather?,"Yes, ventilation is essential for small chickens even in cold weather. Proper ventilation helps manage moisture levels, preventing wet litter and high ammonia concentrations, which can harm bird health and performance."
Do you still need to ventilate with small chicken in cold weather?,"Yes, ventilation is essential for small chickens even in cold weather. Proper ventilation helps manage moisture levels, preventing wet litter and high ammonia concentrations, which can harm bird health and performance."
"Which one is better for brooding chickens, radiant broader or forced air furnace?","Radiant brooders are generally better for brooding chickens compared to forced air furnaces. They provide more uniform heat distribution, reducing thermal stratification, which is crucial for chick comfort and development."
Is there any machine learning models applied to detect dustbathing and perching in laying hen cage-free environment,"Yes, machine learning models have been applied to detect dustbathing and perching behaviors in cage-free laying hens. Researchers at the University of Georgia developed a deep learning-based imaging method to automatically track these behaviors."
Why is coccidiosis important in poultry?,"Coccidiosis is crucial in poultry due to its significant impact on bird health and farm productivity. It causes diarrhea, often bloody, leading to production losses, general malaise, and death."
What is the best practice to implement for coccidiosis in poultry?,"Best practices to be implemented for coccidiosis include routine fecal examinations, vaccination for day-old chicks, and avoiding sulfa drugs in laying hens due to withdrawal periods. Implementing a comprehensive anticoccidial management program is essential for maintaining poultry health and productivity."
What percentage of protein and calcium is required by broiler breeder male and female,"Broiler breeder males typically require a diet with 12-14% protein and 0.8-1.0% calcium, while females need 14-16% protein and 2.5-3.0% calcium to support egg production."
What kinds of research is going on robotics in Poultry?,"Research in poultry robotics focuses on enhancing farm operations through automation and smart technology. Key areas include environmental monitoring, disease control, egg collection, and animal welfare. Robots like the Octopus Poultry Safe (OPS) and PoultryBot are designed for tasks such as sanitizing poultry houses and collecting floor eggs."
What kinds of research are happening at North Carolina STate University in Poultry?,"North Carolina State University conducts extensive poultry research focusing on nutrition, management, welfare, and disease prevention. Key areas include broiler and broiler-breeder nutrition, intestinal health, and feed-additive evaluation, led by experts like Edgar O. Oviedo-Rondón. Research also explores hatchery and incubation effects on chick performance, and nutritional strategies to mitigate Salmonella in laying hens, as studied by Ishab Poudel."
What kinds of research are happening at University of Georgia in Poultry?,"The University of Georgia's Department of Poultry Science conducts research on nutrition, genetics, health, and management practices to enhance poultry production. Key areas include optimizing feed formulations to improve growth and efficiency, studying disease resistance and vaccine development, and exploring environmental impacts on poultry welfare."
What kind of diet I have to give to my bird if they are showing pecking behavior?,"To address pecking behavior in birds, provide a high-fiber, low-energy diet that includes roughage, which takes longer to consume. This can reduce feather pecking by keeping birds occupied with foraging. Ensure the diet is rich in essential nutrients, particularly protein, amino acids (like methionine and arginine), and minerals, as deficiencies can exacerbate pecking."
What happen if my one turkey die?,"If a turkey dies, first determine if the death is an isolated incident or part of a larger issue. Examine the bird for signs of illness, such as swelling, discoloration, or respiratory distress. Consider necropsy to identify potential diseases."
How many hours of quarantine for biosecurity should people have to take if they visited another poultry farm?,"Visitors to a poultry farm should ideally observe a quarantine period of at least 48 to 72 hours after visiting another farm. This timeframe helps minimize the risk of disease transmission, as pathogens can be carried on clothing, footwear, and equipment."
Who is the right person to contact if anything goes wrong in the poultry farm?,"If anything goes wrong on a poultry farm, the first point of contact should be a poultry veterinarian. They can assess health issues, review vaccination and biosecurity plans, and set emergency thresholds. Additionally, reaching out to local poultry extension services, such as NC State Poultry Extension, can provide valuable resources and workshops."
Who is the premier nutritionist of broiler chickens' diet in the United States?,"Identifying a single ""premier"" nutritionist for broiler chickens in the United States is challenging due to the collaborative nature of poultry nutrition research. However, notable experts include Dr. Chongxiao (Sean) Chen from the University of Georgia and Dr. Xixi Chen from Nutribins LLC, both contributing significantly to broiler nutrition advancements."
Do we need more vitamin D in broilers or layers?,"Broilers generally require more vitamin D than layers due to their rapid growth and bone development needs. Broiler diets typically contain 2,000 to 5,000 IU/kg of vitamin D3, supporting calcium and phosphorus metabolism for optimal skeletal health. In contrast, layers focus on calcium for eggshell formation, with vitamin D levels adjusted accordingly."
What is the optimum weight of broiler chickens in the United States?,"The optimum weight of broiler chickens in the United States is approximately 6.6 lbs (3 kg), typically achieved in 40-44 days."
What is the recommended soybean level in broiler chicken diets?,The recommended soybean meal inclusion level in broiler chicken diets typically ranges from 20% to 30% of the total feed. This level provides a high-quality protein source essential for growth and development.
What is the recommended magnesium level in broiler chicken diets?,"The recommended magnesium level in broiler chicken diets is typically around 600 to 1,000 mg/kg of feed. This range supports optimal growth and metabolic functions."
What is the phosphorus level in the chicken diet?,The recommended phosphorus level in broiler chicken diets is typically around 0.45% to 0.50% available phosphorus. This level supports optimal growth and bone development.
What is the vitamin D level in the chicken diet?,"The recommended vitamin D3 level in broiler chicken diets is typically around 2,000 to 5,000 IU/kg of feed. This range supports optimal bone health and growth by facilitating calcium and phosphorus metabolism."
Do we vaccinate poultry against Avian Influenza in the United States?,"No, we don’t vaccinate poultry against Avian Influenza in the United States."
How to treat heat shock in chickens?,"To treat heat shock in chickens, immediately move them to a cooler environment and ensure they have access to plenty of fresh, cool water. Use fans and evaporative cooling systems to lower ambient temperatures. Administer electrolytes and vitamins in water to restore balance and support recovery. Reduce feed intake temporarily to decrease metabolic heat production. Monitor chickens for signs of recovery, such as reduced panting and increased activity."
How to avoid heat shock in broiler chickens?,"To avoid heat shock in broiler chickens, ensure optimal ventilation and cooling systems to maintain a comfortable environment. Implement evaporative cooling and fans to reduce temperature and humidity. Early heat conditioning (EHC) can enhance thermo-tolerance by exposing chicks to 36°C for 24 hours at 3-5 days old. Adjust nutrition by adding fats, vitamins, minerals, and osmolytes to reduce metabolic heat production and maintain electrolyte balance. Consider using heat-tolerant breeds with naked neck or frizzle genes. Regularly monitor environmental conditions and ensure thermostats are accurate."
What is the optimum calcium level for broiler chickens at 30 days?,"The optimum calcium level for broiler chickens at 30 days is approximately 5.5-6.4 g/kg total calcium. This range supports optimal weight gain and tibia ash development, as indicated by recent research from Massey University."
How to reduce lameness in broiler chickens?,"To reduce lameness in broiler chickens, focus on managing growth rates, optimizing nutrition, and improving environmental conditions. Implement controlled feeding programs to slow growth, reducing stress on legs. Ensure diets are balanced with essential nutrients like vitamin D, calcium, and phosphorus to support bone health. Provide a period of darkness (6-8 hours) to align with natural circadian rhythms, promoting rest and reducing leg strain. Enhance activity through environmental enrichment and maintain good litter quality to prevent leg disorders."
Which research laboratory is the main one studying Bacterial Chondronecrosis with Osteomyelitis in broiler chickens in the United States now?,The main research laboratory studying Bacterial Chondronecrosis with Osteomyelitis (BCO) in broiler chickens in the United States is led by Dr. Robert F. Wideman Jr. at the University of Arkansas. His work focuses on understanding the susceptibility of broilers to BCO and the role of rapid growth and heavy body weights in exacerbating the condition.
What is the marketing age for chickens?,"The marketing age for broiler chickens is typically 5 to 6 weeks, as modern advancements have significantly reduced the rearing period."
What happen is water leaks in poultry house?,"Water leaks in a poultry house can lead to increased moisture levels, resulting in wet litter, elevated ammonia levels, and potential respiratory issues for birds. This can negatively impact bird health, performance, and welfare."
Which state does lots of turkey research?,"North Carolina is a leading state for turkey research, with NC State University playing a pivotal role."
If I have seen lots of mice and cockroaches in my poultry farm. What to do?,"To address mice and cockroaches in your poultry farm, implement integrated pest management (IPM) strategies. Start by sealing entry points like unsealed roof eaves and broken doors to prevent access. Maintain cleanliness by removing food sources and debris, and regularly clean feed and water areas to deter pests. Use traps and bait stations strategically, ensuring they are inaccessible to poultry."
If bird is dead then what things to consider?,"When a bird is found dead, promptly remove it to prevent disease spread and assess the cause. Check for signs of illness in the flock, such as reduced energy, appetite, or abnormal egg production. Implement biosecurity measures to limit pathogen transmission."
What are the effect of riboflavin deficiency in pekin duck?,"Riboflavin deficiency in Pekin ducks leads to growth depression and intestinal hypofunction, likely due to impaired intestinal absorption and energy generation, as well as gut microbiota dysbiosis. This deficiency can severely impact duck health and productivity."
What are the few things to consider when it comes to balancing poultry house moisture levels?,"To balance poultry house moisture levels, maintain relative humidity between 40-60% using a minimum ventilation system, especially during cold weather. Ensure ventilation fans run adequately to prevent wet litter and high ammonia levels, which can harm bird health and performance. Avoid excessive moisture removal to prevent dry, dusty conditions that cause respiratory issues. Use tools like the Minimum Ventilation Calculator to adjust fan runtimes based on bird water consumption. Incorporate absorbent materials like litter to manage moisture. Regularly monitor humidity trends to proactively adjust ventilation, preventing litter caking and maintaining optimal bird welfare."
what is the body temperature of chicken,"The body temperature of an adult chicken typically ranges from 40.5°C to 41.1°C (approximately 105°F to 106°F). For optimal production performance, maintaining a body temperature around 106°F is ideal. Newly hatched chicks start with a body temperature of about 39.7°C (103.5°F), which stabilizes by three weeks of age."
what are the insecticides used to control rodents in poultry house,"Insecticides used to control rodents in poultry houses include anticoagulant rodenticides such as bromadiolone and brodifacoum, which are effective for managing rodent populations."
what is the composition of intestinal microbiota in poultry (chicken)?,"The intestinal microbiota of chickens primarily consists of four abundant bacterial phyla: Firmicutes, Bacteroidetes, Proteobacteria, and Actinobacteria."
what are the prebiotics and give some examples and prebitoics used in poultry industry,"Prebiotics are non-digestible compounds that promote the growth of beneficial gut bacteria in poultry. Examples include mannan oligosaccharides (MOS), fructo-oligosaccharides (FOS), inulin, and xylo-oligosaccharides."
what are unconventional sources of prebiotics for the use in poultry industry,"Unconventional sources of prebiotics for poultry include agricultural by-products like citrus pulp, sugar beet pulp, and soybean hulls, which contain non-digestible fibers beneficial for gut health. Seaweed extracts and mushroom polysaccharides are also emerging as prebiotic sources due to their rich polysaccharide content."
what are the most commonly used probitoics in poultry industry,"The most commonly used probiotics in the poultry industry include Bacillus subtilis, Lactobacillus species (such as L. rhamnosus, L. casei, L. acidophilus, L. coagulans), Bifidobacterium, Clostridium butyricum, and Enterococcus faecium."
What are acidifiers used in poultry houses,"Acidifiers used in poultry houses include organic acids like citric, propionic, fumaric, lactic, formic, and benzoic acids."
does any acidiifers used in poultry drinking water? If used mention some examples,"Yes, acidifiers are used in poultry drinking water. Common examples include citric acid, formic acid, and lactic acid."
what is the effective ammonia levels for chicken in poultry house,"The effective ammonia level for chickens in a poultry house should ideally be below 25 ppm, with a maximum threshold of 50 ppm. Levels above 25 ppm can cause discomfort and health issues, affecting growth and feed conversion."
does litter change helpful in reducing salmonella in poultry house,"Yes, changing litter can help reduce Salmonella in poultry houses. Proper litter management, including regular changes and recycling methods like composting, decreases Salmonella risk."
whats the average body weight of a broiler on day 35?,"The average body weight of a broiler on day 35 is approximately 4.21 lbs, based on the provided data."
can you explain me the egg laying process of a laying hens ?,"The egg-laying process in laying hens involves several stages. It begins with pre-laying behavior, lasting 1-3 hours, where hens seek a secluded, dimly lit nest. Hormones like estrogen and progesterone regulate this process. Once a nest is chosen, the hen performs nesting behaviors, such as spreading wings and manipulating substrate, culminating in egg-laying every 24-26 hours, typically in the morning."
What is the thermo-neutral zone temperature of a laying hen?,"The thermo-neutral zone temperature for laying hens is approximately 70-75°F. Within this range, hens can maintain their body temperature of around 105-107°F without experiencing thermal stress."
whats the thermo neutral zone temperature of a broiler chicken ?,"The thermo-neutral zone temperature for broiler chickens is around 65°F. Within this range, broilers can maintain their body temperature of approximately 106°F without experiencing thermal stress."
can you describe the digestive system of a broiler chicken ?,"The digestive system of a broiler chicken is highly specialized for rapid feed processing and nutrient absorption. It begins with the beak, as chickens lack teeth. Feed is swallowed and stored in the crop before moving to the proventriculus, where digestive enzymes are added. The gizzard grinds the feed, aided by ingested grit. Nutrient absorption occurs in the small intestine, while the ceca ferment undigested material. Waste is expelled through the cloaca."
Can you give me how much protein W-80 laying hens require during starter 1 ?,W-80 laying hens require approximately 18-20% protein during the starter phase (0-6 weeks).
what are the machine learning models applied in cag-free hen's behavior detection and tracking ?,"Machine learning models applied in cage-free hen behavior detection and tracking include deep learning models such as YOLOv5, YOLOv8, ByteTrack, DeepSORT, and StrongSORT. These models are used to monitor behaviors like piling, smothering, and footpad health."
Should you ventilate your poultry house when you pre-heating it with no birds?,"Yes, you should ventilate your poultry house when pre-heating it, even with no birds present. Ventilation during pre-heating helps manage moisture levels, preventing condensation and potential structural damage. It also ensures that the air quality is optimal before birds are introduced, reducing ammonia buildup and ensuring a healthy environment from the start."
Should you ventilate your poultry house when you are heating it?,"Yes, you should ventilate your poultry house even when heating it. Proper ventilation is essential to manage moisture levels, control ammonia, and ensure air quality, which are crucial for bird health and performance. During heating, minimum ventilation helps prevent excessive moisture buildup, which can lead to litter caking and high ammonia levels."
What is the acceptable level of ammonia at bird height in a broiler house?,"The acceptable level of ammonia at bird height in a broiler house is generally below 20 ppm, as per European Directive 2007/43/CE."
"Which one is better for brooding chicks in poultry, radiant brooder or forced air furnace?",The radiant brooder is better for brooding chicks because it heats the floor better whereas the forced air furnace heats the air. Heating the air instead of the floor (or chicks) is less beneficial.
Why do you need to tighten your poultry house?,"Tightening your poultry house is crucial for maintaining optimal environmental conditions and reducing energy costs. A tight house minimizes air leakage, allowing better control over ventilation and temperature. This ensures that fresh air enters through designated inlets rather than cracks, reducing temperature stratification, bird chilling, and litter caking."
Do they have cups beneath nipple drinkers in US broiler houses?,"Yes, some US broiler houses use cups beneath nipple drinkers. These cups catch excess water, reducing litter moisture and the risk of pododermatitis."
What is the main cause of footpad burns in broiler houses?,"The main cause of footpad burns in broiler houses is excess litter moisture. High moisture levels in litter lead to the development of footpad dermatitis (FPD), characterized by lesions and ulcers on the chickens' feet."
How to mitigate footpad burn in broiler house?,"To mitigate footpad burn in broiler house, ensure proper litter management by maintaining dry conditions through adequate ventilation and regular litter replacement. Use circulation fans to improve air movement and reduce moisture accumulation."
Do you still need to ventilate with small chicks poultry house in cold weather?,"Yes, you need to ventilate regardless of how cold it is. However, ventilation rates can be reduced in cold weather if ammonia levels are not too high."
How do you control ammonia build up in broiler house?,"To control ammonia buildup in a broiler house, focus on ventilation, litter management, and additives. Increase ventilation to dilute ammonia concentrations, especially during colder months, while balancing heating costs. Regularly remove and replace wet litter to reduce moisture and nitrogen content, which contribute to ammonia production. Consider using litter additives like zeolite or alum to chemically bind ammonia."
is avian metaneumovirus a problem in US layers industry?,"Yes, avian metapneumovirus (aMPV) is a concern in the U.S. layer industry. It can lead to decreased egg production, deformed eggs, and increased mortality."
Give me dosage regimine for salmonellosis infection treatment in layer farm,"For treating salmonellosis in layer farms, antibiotics like enrofloxacin or amoxicillin are commonly used, but their dosage should be determined by a veterinarian based on the specific strain and severity. Typically, enrofloxacin is administered at 10 mg/kg body weight for 3-5 days. However, due to antibiotic resistance concerns, alternative strategies are recommended. Phage therapy, as highlighted in research, shows promise; administering bacteriophages via drinking water can significantly reduce Salmonella counts. Implement strict biosecurity measures, including proper litter management and disinfection, to prevent outbreaks. Vaccination against Salmonella serovars can also be effective in reducing mortality and infection rates. Regular monitoring and adopting a comprehensive health management plan are crucial for controlling salmonellosis in poultry farms."
"How can I control ascites problem in open house deep letter broiler production system, especially in high altitude regions during cold winter?","To control ascites in broilers, especially in high-altitude, cold winter conditions, focus on optimizing ventilation and managing litter moisture. Ensure adequate oxygen levels by improving ventilation to reduce carbon dioxide and ammonia, which can exacerbate ascites. Maintain dry litter to prevent respiratory issues; use absorbent materials and manage humidity. Implement gradual temperature changes to avoid stress. Nutritionally, reduce sodium levels and balance electrolytes to minimize fluid retention. Consider using antioxidants and vitamin E to support cardiovascular health."
Name the indigenous chicken breeds from Nepal.,"Indigenous chicken breeds from Nepal include the Sakini, Ghanti Khuile, and Puwakh Ulte."
what is the space requirement of broiler?,"Broilers require a minimum space of 1.92 square feet per bird, as per Cobb 500 management guidelines."
At what age in weeks do layers start laying eggs?,Layers typically start laying eggs around 18 to 20 weeks of age.
What is the comb on a chicken’s head used for?,"The comb on a chicken's head serves several purposes: 1. **Thermoregulation**: The comb helps regulate body temperature by allowing excess heat to dissipate, crucial in preventing heat stress. 2. **Health Indicator**: A bright, vibrant comb often indicates good health, while a pale or shriveled comb can signal illness or nutritional deficiencies. 3. **Social and Reproductive Role**: In some breeds, comb size and color can influence social hierarchy and mate selection, with larger, brighter combs often being more attractive to hens."
What is the body temperature of a healthy chicken?,The body temperature of a healthy adult chicken is approximately 106°F (41°C).
How many chambers does a chicken’s stomach have?,"A chicken's stomach has two main chambers: the proventriculus and the gizzard. 1. **Proventriculus**: This is the glandular stomach where digestive enzymes and acids begin breaking down food. 2. **Gizzard**: This muscular chamber grinds food, aided by ingested grit, facilitating nutrient absorption."
At what age do most hens start laying eggs?,Most hens start laying eggs at 16-20 weeks of age.
What nutrient is most important in poultry feed for strong eggshells?,Calcium is the most important nutrient in poultry feed for strong eggshells.
Name two common breeds of chickens raised for egg production,"Two common breeds of chickens raised for egg production are the White Leghorn and the Rhode Island Red. White Leghorns are renowned for their prolific white egg production, while Rhode Island Reds are known for their brown eggs and adaptability."
What is the average incubation period for a chicken egg?,The average incubation period for a chicken egg is 21 days.
give me overall biosecurity practice that i need to consider in my poultry houses,"To ensure robust biosecurity in poultry houses, implement the following practices: 1. **External Biosecurity**: Control access to the farm by limiting and monitoring the movement of people, vehicles, and equipment. Use disinfectant footbaths and vehicle wash stations at entry points. Implement quarantine protocols for new or returning birds. 2. **Internal Biosecurity**: Separate birds by age groups and maintain strict cleaning and disinfection routines. Control pests like rodents and wild birds to prevent disease spread. 3. **Farm Hygiene**: Regularly clean and disinfect poultry houses, equipment, and feed storage areas. Ensure proper disposal of dead birds and waste. 4. **Health Monitoring**: Conduct regular health checks and vaccinations to prevent outbreaks. These practices are supported by research emphasizing the importance of biosecurity in preventing diseases like avian influenza and Newcastle disease. Regularly review and update biosecurity protocols to adapt to new threats."
if my laying hens are picking each other what can i do to reduce it,"To reduce pecking among laying hens, implement the following strategies: 1. **Lighting Management**: Reduce light intensity and avoid direct sunlight in the barn, as high light levels can stimulate pecking behavior. 2. **Environmental Enrichment**: Provide foraging materials like straw or grain in the litter to keep hens occupied and reduce pecking. 3. **Dietary Adjustments**: Offer high-fiber or low-energy diets to increase feeding time and reduce pecking. 4. **Strain Selection**: Consider using brown strains, which are less prone to pecking compared to lighter or white strains. 5. **Space and Resources**: Ensure adequate space and access to feed and water to minimize competition and stress. These practices are supported by research indicating that environmental and dietary modifications can significantly reduce injurious pecking behaviors in laying hens."
my birds are making panting and making sound while respiration what might be the problem,"Your birds panting and making respiratory sounds likely indicate heat stress or a respiratory infection. Panting is a common response to heat stress, where birds try to cool down by evaporating moisture from their respiratory tract. Ensure proper ventilation, use fans, and provide cool, clean water to mitigate heat stress. If respiratory infection is suspected, symptoms like coughing, sneezing, or rales may be present. Implement biosecurity measures, and consult a veterinarian for diagnosis and treatment, possibly involving antibiotics or vaccines. Research highlights the importance of sound recognition technology to monitor bird health, as abnormal sounds can signal distress or disease. Regularly monitor environmental conditions and bird behavior to prevent and address health issues promptly."
how can i reduce the mortalities in the mid-day of hot summer. my broilers are over 10 pounds,"To reduce midday mortalities in hot summer for broilers over 10 pounds, implement the following strategies: 1. **Temperature Management**: Ensure proper ventilation and cooling systems are in place. Use fans and evaporative cooling to maintain a comfortable environment. 2. **Feeding Schedule**: Implement feed restriction during peak heat hours (e.g., 8 a.m. to 5 p.m.) and provide feed during cooler periods, such as early morning or late evening, to reduce metabolic heat production. 3. **Water Availability**: Ensure constant access to cool, clean water to prevent dehydration and heat stress. 4. **Stocking Density**: Adjust stocking densities to prevent overcrowding, which exacerbates heat stress. 5. **Uniform Distribution**: Ensure birds are evenly distributed throughout the house to avoid localized heat stress. These practices are supported by research indicating that managing feed intake and environmental conditions can significantly reduce heat-related stress and mortality in broilers."
my day old broiler chicks are clustering together what do i need to do,"Your day-old broiler chicks clustering together likely indicates they are cold. Ensure the brooding area is properly heated. Set the ambient temperature to around 88°F (31°C) and provide a localized heat source, such as heat lamps, to achieve 95°F (35°C) directly under the lamp. Pre-warm the brooder 24-48 hours before chick arrival to ensure the litter is warm, not just the air."
Give me the lighting schedule for Lowman laying hen,"For Lowman laying hens, a lighting schedule should gradually increase from 13 hours at 10 weeks to 17 hours by 25 weeks, aligning with their reproductive development. Start with 13 hours of light at 10 weeks, increasing to 14 hours by 13 weeks, and reaching 16 hours by 21 weeks. Maintain 16 hours until 24 weeks, then increase to 17 hours by 25 weeks. Ensure 6-8 hours of darkness to support circadian rhythms."
List common pathway of avian influenza transmission between birds and human.,"Avian influenza can be transmitted from birds to humans primarily through direct contact with infected birds, their droppings, or contaminated environments. This includes handling infected poultry, cleaning their cages, or processing infected birds. Airborne transmission through inhalation of virus-laden particles is also possible, especially in enclosed spaces."
what are the animal welfare issues related to broiler production,"Broiler production faces several animal welfare issues, primarily due to rapid growth rates. Key concerns include lameness, which restricts movement and causes discomfort, and conditions like footpad dermatitis and hock burns from poor litter management. Overcrowding and limited space can further exacerbate these issues, restricting natural behaviors."
how the poultry industry addresses heat stress issue,"The poultry industry addresses heat stress through a combination of environmental, nutritional, and genetic strategies."
how much water does bird drink compared to feed they eat,"Birds typically consume water at a ratio of 2:1 to 3:1 compared to feed intake during cooler temperatures, meaning for every gram of feed, they drink 2-3 ml of water. In hotter conditions, this ratio can increase to 4.9:1, as birds drink more to regulate body temperature (Holik, 2010)."
what is the recommended levels of iron for poultry water,"The recommended level of iron in poultry water should generally be below 0.3 mg/L to prevent health issues. Excessive iron can lead to increased ascites-related mortality, particularly in broilers."
how important is water management in poultry,"Water management is crucial in poultry farming as it directly impacts animal health, environmental sustainability, and economic viability. Effective water management ensures the availability of clean water, which is essential for poultry health and productivity."
How the contract broiler growers in the US paid by the broiler integrator nowadays?,"Contract broiler growers in the US are typically paid based on a performance-based system known as the ""tournament"" or ""ranking"" system. Growers are compensated per pound of live weight produced, with bonuses or penalties applied based on their performance relative to other growers. This system incentivizes efficiency and productivity, as growers with better feed conversion ratios and lower mortality rates earn higher payments."
What's the impact of using 20 lux light intensity instead of a lower light intensity for my broiler production?,"Using 20 lux light intensity for broiler production, compared to lower intensities, can enhance bird welfare and performance. Research indicates that maintaining a minimum of 20 lux improves broiler activity, reduces leg issues, and supports better immune function."
Why litter moisture is important for poultry industry,"Litter moisture is crucial in the poultry industry as it directly impacts bird health, welfare, and performance. Optimal litter moisture (20-25%) prevents ammonia buildup, reduces disease risk, and enhances bird comfort."
How to assess affective states in chicken,"To assess affective states in chickens, researchers often use behavioral and physiological indicators, such as the Judgment Bias Test (JBT), which evaluates responses to ambiguous cues. This method helps determine chickens' emotional states, including stress and fear levels."
how to control coccidiosis in backyard chicken flocks,"To control coccidiosis in backyard chicken flocks, maintain dry, clean litter and avoid overcrowding to reduce coccidia proliferation. Implement routine fecal examinations to monitor for coccidiosis. Use coccidiostats in feed as a preventive measure, but avoid sulfa drugs in laying hens due to long withdrawal periods. Vaccinate day-old chicks against coccidiosis, a common practice in the commercial poultry industry. Consider natural alternatives like phytogenic compounds, probiotics, and prebiotics for free-range chickens."
what constitutes poultry welfare,"Poultry welfare involves ensuring the ethical and humane treatment of birds throughout their lifecycle, including housing, transportation, and processing. Key aspects include providing adequate space, proper nutrition, and environmental enrichment to promote natural behaviors."
What are the average dimensions if a breast fillet of 8 weeks old broiler,"The average dimensions of a breast fillet from an 8-week-old broiler are approximately 6-8 inches in length, 4-5 inches in width, and 1-1.5 inches in thickness."
What is average weight of a broiler,The average weight of a conventional broiler chicken is approximately 6.6 lbs (3 kg) at around 40-44 days of age. These fast-growing birds gain an average of 68-75 g per day.
how to assess poultry gait,"To assess poultry gait, use the 5-point scale developed by Kestin et al. (1992). Observe the bird taking at least three consecutive steps. Score 0 indicates no abnormality, while score 5 indicates complete lameness."
what is the key challenges in poultry welfare,"Key challenges in poultry welfare include disease outbreaks, environmental stressors, and maintaining optimal living conditions. Disease management is crucial, as outbreaks can severely impact poultry health and productivity."
why insect meal is common in poultry?,"Insect meal is increasingly common in poultry due to its high protein content (35-53%), essential amino acids, and minerals, offering a sustainable alternative to traditional feeds like soybean and fish meal. It reduces environmental impact by lowering greenhouse gas emissions and water usage. Research shows that including up to 10% insect meal, such as black soldier fly larvae or mealworms, in broiler diets can improve live and carcass weights without compromising meat quality."
how necrotic enteritis disease is seen in poultry?,"Necrotic enteritis in poultry is characterized by reduced feed consumption, dark or blood-stained feces, diarrhea, and emaciation in chronic cases. Affected birds and their environment emit a fetid odor."
Which color hens are more interested.,"Hens are generally more interested in environments with red or blue lighting. Red light can stimulate laying behaviors and reduce aggression, while blue light may enhance calmness and reduce stress."
what is molting in layers,Molting in layers is a natural process where hens shed old feathers and temporarily cease egg production to rejuvenate their reproductive systems. This typically occurs annually and is influenced by factors like reduced daylight.
What is precision poultry farming?,"Precision poultry farming refers to the use of advanced technologies and data-driven approaches to optimize the management and production of poultry. This involves the integration of sensors, automation, and data analytics to monitor and control various aspects of poultry farming, such as environmental conditions, feed and water intake, health, and behavior of the birds."
What is the focus of NC State’s Prestage Department of Poultry Science extension programs?,The focus of NC State’s Prestage Department of Poultry Science extension programs is on the pre-slaughter welfare of broilers.
What is a poultry?,"Poultry refers to domesticated birds raised for meat, eggs, or feathers, including chickens, ducks, turkeys, and more. In poultry farming, chickens are the most popular due to their efficient feed conversion and rapid growth, making them a cost-effective protein source (Qi et al., 2023)."
What is pecking behavior in poultry,"Pecking behavior in poultry involves birds using their beaks to peck at objects, other birds, or themselves. This behavior can be natural, such as foraging, or injurious, like feather pecking and cannibalism."
"I want to put 1000 chickens randomly stratified by weight. There should be three treatments with diet factor so when sampling is done, I want to see the effect of time or the time is a block. What experimental design is it?","The experimental design you're describing is a ""Randomized Complete Block Design"" (RCBD) with time as the blocking factor. This design is suitable for controlling variability due to time, allowing you to assess the effect of different diets on chickens stratified by weight."
best source of protein for broiler chicken,"High-quality protein sources for broiler chickens include soybean meal, fish meal, and alternative sources like Spirulina and insect meal."
how to make fcr 1 in broiler chicken,"Achieving an FCR (Feed Conversion Ratio) of 1 in broiler chickens is highly challenging and typically unrealistic due to biological limits. However, optimizing FCR involves several strategies. Focus on genetics, nutrition, and management. Select high-efficiency breeds like Ross 308, provide balanced diets with optimal protein and energy, and maintain excellent farm management practices."
What is the positive and negative impact of osteopontin in chickens?,"Osteopontin (OPN) in chickens plays a dual role. Positively, it is involved in bone remodeling and immune responses, enhancing bone strength and disease resistance. Negatively, excessive OPN expression can lead to chronic inflammation and impaired bone health, potentially affecting growth and productivity."
Does poultry have blood groupings?,"Poultry, including chickens, do have blood group systems, but they are different from the human ABO system. Chickens have at least 28 blood group systems, with the B blood group being the most significant for its role in immune response and disease resistance. Understanding these blood groups can be crucial for breeding programs aimed at enhancing disease resistance and overall flock health."
"For poultry house oropharyngeal and cloacal swabs test, is there any robot can do it or we have to do it manually?","Currently, oropharyngeal and cloacal swab tests in poultry houses are primarily conducted manually. While robotic systems are being developed for various tasks in poultry farming, such as monitoring health and removing dead birds, there is no widely adopted robot specifically designed for swab sampling."
oropharyngeal and cloacal swabs testing every 4-6 weeks also need to test 30 birds?,"Yes, testing 30 birds using oropharyngeal and cloacal swabs every 4-6 weeks is a standard practice. This sample size is statistically significant for detecting avian influenza and Newcastle disease virus in a flock, providing a reliable indication of the overall flock health."
how often we need to test the avian influenza and newcastle disease virus in poultry farm?,"Testing frequency for avian influenza and Newcastle disease virus in poultry farms should be based on risk assessment and local regulations. Generally, routine surveillance involves testing every 4-6 weeks, especially in high-risk areas or during outbreaks."
"for current methods, how people detect avian influenza and newcastle disease virus in poultry farm?","Current methods for detecting avian influenza and Newcastle disease virus in poultry farms include using oropharyngeal and cloacal swabs for live birds, and various organ samples from deceased birds. Laboratory techniques such as RT-PCR and rRT-PCR are commonly employed for their high sensitivity and specificity. ELISA tests are also used for antibody detection. Virus isolation in SPF embryonated eggs is another method, though more time-consuming."
"What is If I purchase some birds from a neighbor, and set up a quarantine in a different coop or barn for 30 days, will this ensure that I don’t accidently introduce avian influenza into my own poultry flock?","No. While a 30-day quarantine is a helpful biosecurity measure for treating parasites and helping birds adjust, it won't ensure prevention against highly contagious diseases like Avian Influenza (AI). AI can easily spread on shoes, clothing, and even through the air, making on-premises isolation insufficient to stop the virus from moving around your farm. Official AI protocols use large containment zones, demonstrating that simple isolation in a separate barn is not a reliable barrier for this specific virus."
What are the negative effects of high stocking density on the gut health and performance of broilers?,"In broilers, high stocking density reduced growth performance, gut morphology, tight junction protein expression, increased inflammatory genes, and have negative effects on the gut microbiome."
What is the effect of replacing choline with betaine supplementation in the diet of laying hens starting at 45 weeks of age over a 12-week period?,"Replacing choline with betaine in the diet of laying hens, beginning at 45 weeks of age for a duration of 12 weeks, improves overall performance, enhances egg quality, and strengthens the immune responses of the birds."
"How do organic and inorganic selenium (Se) sources affect broiler performance and tissue Se concentration, and is there an interaction with coccidiosis?","Organic Se (selenized yeast) at $0.3\ \text{mg/kg}$ is superior to inorganic Se (sodium selenite) at the same level, resulting in better growth performance and higher Se concentration in breast muscle. Crucially, the effects of either dietary Se supplement do not interact with coccidiosis conditions, meaning it does not alter growth, intestinal health, oocyst shedding, or tissue Se concentration during a coccidiosis challenge."
What are the effects of partially replacing soybean meal with Black Soldier Fly Larvae (BSFL) in organic broiler diets on growth performance and the nutritional quality of the meat lipids?,"Partially replacing soybean meal with  BSFL does not negatively affect the growth performance  of organic broilers. However, the resulting meat lipids contain  significant amounts of lauric acid , which is considered to have a  negative impact on meat quality  from a human nutrition perspective."
"What are the key differences, advantages, and disadvantages of the Barn/Aviary housing systems for laying hens compared to other methods?","The Barn and Aviary systems house hens on an open floor with access to litter and nest boxes, with Aviary systems uniquely including additional platforms or perches."
What is the primary purpose of proper ventilation in a poultry house?,"To remove ammonia and moisture from the litter while maintaining optimal thermal conditions, thus preventing respiratory disease and poor litter quality."
What is the primary cause of Footpad Dermatitis (FPD) in poultry?,"Prolonged contact with wet litter that is high in moisture and has a high concentration of ammonia, which acts as a caustic agent."
How does a nutritional deficiency in calcium primarily affect laying hens?,"It leads to poor eggshell quality (thin, brittle shells) and, in severe cases, can cause bone weakness (osteoporosis)."
What specific technology is most commonly used for real-time welfare monitoring?,"Computer vision systems (cameras and image analysis) used to track bird density, distribution, movement, and abnormal behaviors like piling or reduced activity."
"What common deficiency in laying hens leads to the production of  ""soft-shelled""  or thin-shelled eggs?",A deficiency in Vitamin D3 or an imbalance/deficiency of available calcium in the diet.
What is the primary nutritional difference between a broiler diet and a layer diet?,"Broiler diets are formulated for rapid muscle and skeletal growth, requiring higher protein and energy, while layer diets are balanced for egg production, requiring high calcium and Vitamin D3."
What is Precision Feeding in poultry?,Precision feeding is a system that delivers a customized diet to individual or small groups of birds based on their real-time nutrient requirements and performance data.
what is primary advantage of precision feeding over traditional phase feeding?,The primary advantage of precision feeding is to maximizing Feed Conversion Efficiency (FCE) and minimizing nutrient excretion by preventing the over-supply of costly nutrients like protein and phosphorus.
How does high stocking density negatively impact broiler welfare and performance?,"High stocking density negatively impact broiler welfare and performance because it leads to increased competition for feed and water, higher litter moisture, increased ammonia levels, and a greater incidence of heat stress, lameness, and aggressive behaviors."
What are the two most critical limiting amino acids in typical corn-soybean meal based poultry diets?,Methionine and Lysine. They must be provided at specific ratios to maximize growth and muscle deposition without wasting excess protein.
What is a floor egg?,"Any egg laid by a hen outside of the designated nest boxes, typically on the litter, slats, or floor."
Why are floor eggs a food safety concern?,"They have a much higher risk of fecal contamination and potential bacterial pathogens (e.g., Salmonella)."
what is piling behavior?,"Piling behavior in poultry is a phenomenon where birds gather together in abnormally dense clusters. When this clustering is severe and results in injury or death, it is called smothering."